Bezeichnung,Eindeutige Downloads,Eindeutige Besucher,Downloads,Von Besuchern verbrachte Gesamtzeit (in Sekunden),Metadaten: url,Metadaten: Actions_DownloadUrl,Metadaten: segment
www.wahlen.zh.ch/wahlen2019/public/data/krw/hochrechnung.json,75690,75673,313113,0,http://www.wahlen.zh.ch/wahlen2019/public/data/krw/hochrechnung.json,www.wahlen.zh.ch/wahlen2019/public/data/krw/hochrechnung.json,downloadUrl==http%3A%2F%2Fwww.wahlen.zh.ch%2Fwahlen2019%2Fpublic%2Fdata%2Fkrw%2Fhochrechnung.json
www.wahlen.zh.ch/wahlen2019/public/data/rrw/hochrechnung.json,74891,74874,246489,0,http://www.wahlen.zh.ch/wahlen2019/public/data/rrw/hochrechnung.json,www.wahlen.zh.ch/wahlen2019/public/data/rrw/hochrechnung.json,downloadUrl==http%3A%2F%2Fwww.wahlen.zh.ch%2Fwahlen2019%2Fpublic%2Fdata%2Frrw%2Fhochrechnung.json
www.wahlen.zh.ch/wahlen2019/public/data/krw/listen.json,50460,50451,154877,0,http://www.wahlen.zh.ch/wahlen2019/public/data/krw/listen.json,www.wahlen.zh.ch/wahlen2019/public/data/krw/listen.json,downloadUrl==http%3A%2F%2Fwww.wahlen.zh.ch%2Fwahlen2019%2Fpublic%2Fdata%2Fkrw%2Flisten.json
www.wahlen.zh.ch/wahlen2019/public/data/krw/kandidaten.json,46564,46556,179272,0,http://www.wahlen.zh.ch/wahlen2019/public/data/krw/kandidaten.json,www.wahlen.zh.ch/wahlen2019/public/data/krw/kandidaten.json,downloadUrl==http%3A%2F%2Fwww.wahlen.zh.ch%2Fwahlen2019%2Fpublic%2Fdata%2Fkrw%2Fkandidaten.json
www.wahlen.zh.ch/wahlen2019/public/data/krw/listengde.json,32528,32521,135564,0,http://www.wahlen.zh.ch/wahlen2019/public/data/krw/listengde.json,www.wahlen.zh.ch/wahlen2019/public/data/krw/listengde.json,downloadUrl==http%3A%2F%2Fwww.wahlen.zh.ch%2Fwahlen2019%2Fpublic%2Fdata%2Fkrw%2Flistengde.json
www.wahlen.zh.ch/wahlen2019/public/data/krw/kandidatengde.json,23184,23182,58102,0,http://www.wahlen.zh.ch/wahlen2019/public/data/krw/kandidatengde.json,www.wahlen.zh.ch/wahlen2019/public/data/krw/kandidatengde.json,downloadUrl==http%3A%2F%2Fwww.wahlen.zh.ch%2Fwahlen2019%2Fpublic%2Fdata%2Fkrw%2Fkandidatengde.json
www.wahlen.zh.ch/wahlen2019/public/data/rrw/kandidaten_kanton_bezirke.json,20456,20452,60991,0,http://www.wahlen.zh.ch/wahlen2019/public/data/rrw/kandidaten_kanton_bezirke.json,www.wahlen.zh.ch/wahlen2019/public/data/rrw/kandidaten_kanton_bezirke.json,downloadUrl==http%3A%2F%2Fwww.wahlen.zh.ch%2Fwahlen2019%2Fpublic%2Fdata%2Frrw%2Fkandidaten_kanton_bezirke.json
www.wahlen.zh.ch/wahlen2019/public/data/rrw/kandidaten_gemeinden.json,15877,15873,66810,0,http://www.wahlen.zh.ch/wahlen2019/public/data/rrw/kandidaten_gemeinden.json,www.wahlen.zh.ch/wahlen2019/public/data/rrw/kandidaten_gemeinden.json,downloadUrl==http%3A%2F%2Fwww.wahlen.zh.ch%2Fwahlen2019%2Fpublic%2Fdata%2Frrw%2Fkandidaten_gemeinden.json
www.wahlen.zh.ch/wahlen2019/public/data/krw/wahlbeteiligung.json,12723,12721,20912,0,http://www.wahlen.zh.ch/wahlen2019/public/data/krw/wahlbeteiligung.json,www.wahlen.zh.ch/wahlen2019/public/data/krw/wahlbeteiligung.json,downloadUrl==http%3A%2F%2Fwww.wahlen.zh.ch%2Fwahlen2019%2Fpublic%2Fdata%2Fkrw%2Fwahlbeteiligung.json
www.wahlen.zh.ch/wahlen2019/public/data/rrw/gemeinden.json,6513,6511,14807,0,http://www.wahlen.zh.ch/wahlen2019/public/data/rrw/gemeinden.json,www.wahlen.zh.ch/wahlen2019/public/data/rrw/gemeinden.json,downloadUrl==http%3A%2F%2Fwww.wahlen.zh.ch%2Fwahlen2019%2Fpublic%2Fdata%2Frrw%2Fgemeinden.json
www.wahlen.zh.ch/wahlen2019/public/data/rrw/wahlbeteiligung.json,5526,5524,8033,0,http://www.wahlen.zh.ch/wahlen2019/public/data/rrw/wahlbeteiligung.json,www.wahlen.zh.ch/wahlen2019/public/data/rrw/wahlbeteiligung.json,downloadUrl==http%3A%2F%2Fwww.wahlen.zh.ch%2Fwahlen2019%2Fpublic%2Fdata%2Frrw%2Fwahlbeteiligung.json
www.wahlen.zh.ch/wahlen2019/public/data/krw/sitzverteilung.json,1234,1234,1824,0,http://www.wahlen.zh.ch/wahlen2019/public/data/krw/sitzverteilung.json,www.wahlen.zh.ch/wahlen2019/public/data/krw/sitzverteilung.json,downloadUrl==http%3A%2F%2Fwww.wahlen.zh.ch%2Fwahlen2019%2Fpublic%2Fdata%2Fkrw%2Fsitzverteilung.json
www.wahlen.zh.ch/wahlen2019/public/data/krw/gemeinden.json,69,69,81,0,http://www.wahlen.zh.ch/wahlen2019/public/data/krw/gemeinden.json,www.wahlen.zh.ch/wahlen2019/public/data/krw/gemeinden.json,downloadUrl==http%3A%2F%2Fwww.wahlen.zh.ch%2Fwahlen2019%2Fpublic%2Fdata%2Fkrw%2Fgemeinden.json
www.wahlen.zh.ch/krdaten_staatsarchiv/daten/visualisierung_geschlechterverteilung.json,59,59,61,0,http://www.wahlen.zh.ch/krdaten_staatsarchiv/daten/visualisierung_geschlechterverteilung.json,www.wahlen.zh.ch/krdaten_staatsarchiv/daten/visualisierung_geschlechterverteilung.json,downloadUrl==http%3A%2F%2Fwww.wahlen.zh.ch%2Fkrdaten_staatsarchiv%2Fdaten%2Fvisualisierung_geschlechterverteilung.json
www.wahlen.zh.ch/krdaten_staatsarchiv/daten/visualisierung_parlament.json,40,40,40,0,http://www.wahlen.zh.ch/krdaten_staatsarchiv/daten/visualisierung_parlament.json,www.wahlen.zh.ch/krdaten_staatsarchiv/daten/visualisierung_parlament.json,downloadUrl==http%3A%2F%2Fwww.wahlen.zh.ch%2Fkrdaten_staatsarchiv%2Fdaten%2Fvisualisierung_parlament.json
www.wahlen.zh.ch/wahlen2019/public/data/karten/Gemeinde.json,35,35,37,0,http://www.wahlen.zh.ch/wahlen2019/public/data/karten/Gemeinde.json,www.wahlen.zh.ch/wahlen2019/public/data/karten/Gemeinde.json,downloadUrl==http%3A%2F%2Fwww.wahlen.zh.ch%2Fwahlen2019%2Fpublic%2Fdata%2Fkarten%2FGemeinde.json
www.wahlen.zh.ch/robots.txt,27,27,27,0,http://www.wahlen.zh.ch/robots.txt,www.wahlen.zh.ch/robots.txt,downloadUrl==http%3A%2F%2Fwww.wahlen.zh.ch%2Frobots.txt
www.wahlen.zh.ch/krdaten_staatsarchiv/daten/visualisierung_altersverteilung.json,17,17,18,0,http://www.wahlen.zh.ch/krdaten_staatsarchiv/daten/visualisierung_altersverteilung.json,www.wahlen.zh.ch/krdaten_staatsarchiv/daten/visualisierung_altersverteilung.json,downloadUrl==http%3A%2F%2Fwww.wahlen.zh.ch%2Fkrdaten_staatsarchiv%2Fdaten%2Fvisualisierung_altersverteilung.json
www.wahlen.zh.ch/wahlen2019/public/data/karten/Wahlkreis.json,17,17,20,0,http://www.wahlen.zh.ch/wahlen2019/public/data/karten/Wahlkreis.json,www.wahlen.zh.ch/wahlen2019/public/data/karten/Wahlkreis.json,downloadUrl==http%3A%2F%2Fwww.wahlen.zh.ch%2Fwahlen2019%2Fpublic%2Fdata%2Fkarten%2FWahlkreis.json
www.wahlen.zh.ch/krdaten_staatsarchiv/geojson/karte_1917_1920_MODIFIED.geo.json,16,16,17,0,http://www.wahlen.zh.ch/krdaten_staatsarchiv/geojson/karte_1917_1920_MODIFIED.geo.json,www.wahlen.zh.ch/krdaten_staatsarchiv/geojson/karte_1917_1920_MODIFIED.geo.json,downloadUrl==http%3A%2F%2Fwww.wahlen.zh.ch%2Fkrdaten_staatsarchiv%2Fgeojson%2Fkarte_1917_1920_MODIFIED.geo.json
www.wahlen.zh.ch/krdaten_staatsarchiv/daten/visualisierung_balken.json,14,14,14,0,http://www.wahlen.zh.ch/krdaten_staatsarchiv/daten/visualisierung_balken.json,www.wahlen.zh.ch/krdaten_staatsarchiv/daten/visualisierung_balken.json,downloadUrl==http%3A%2F%2Fwww.wahlen.zh.ch%2Fkrdaten_staatsarchiv%2Fdaten%2Fvisualisierung_balken.json
www.wahlen.zh.ch/wahlen/kr2015/Hinweise.pdf,10,10,13,0,http://www.wahlen.zh.ch/wahlen/kr2015/Hinweise.pdf,www.wahlen.zh.ch/wahlen/kr2015/Hinweise.pdf,downloadUrl==http%3A%2F%2Fwww.wahlen.zh.ch%2Fwahlen%2Fkr2015%2FHinweise.pdf
www.wahlen.zh.ch/wahlen2019/public/data/krw/zeitreihen.json,10,10,14,0,http://www.wahlen.zh.ch/wahlen2019/public/data/krw/zeitreihen.json,www.wahlen.zh.ch/wahlen2019/public/data/krw/zeitreihen.json,downloadUrl==http%3A%2F%2Fwww.wahlen.zh.ch%2Fwahlen2019%2Fpublic%2Fdata%2Fkrw%2Fzeitreihen.json
www.wahlen.zh.ch/07/kr/kandidierende/pdf/wk 17.pdf,9,9,11,0,http://www.wahlen.zh.ch/07/kr/kandidierende/pdf/wk%2017.pdf,www.wahlen.zh.ch/07/kr/kandidierende/pdf/wk 17.pdf,downloadUrl==http%3A%2F%2Fwww.wahlen.zh.ch%2F07%2Fkr%2Fkandidierende%2Fpdf%2Fwk+17.pdf
www.wahlen.zh.ch/wahlen/kr11/amtliches/pdf/gesamtergebnisse.pdf,9,9,13,0,http://www.wahlen.zh.ch/wahlen/kr11/amtliches/pdf/gesamtergebnisse.pdf,www.wahlen.zh.ch/wahlen/kr11/amtliches/pdf/gesamtergebnisse.pdf,downloadUrl==http%3A%2F%2Fwww.wahlen.zh.ch%2Fwahlen%2Fkr11%2Famtliches%2Fpdf%2Fgesamtergebnisse.pdf
www.wahlen.zh.ch/krdaten_staatsarchiv/geojson/karte_1971_2015_MODIFIED.geo.json,8,8,8,0,http://www.wahlen.zh.ch/krdaten_staatsarchiv/geojson/karte_1971_2015_MODIFIED.geo.json,www.wahlen.zh.ch/krdaten_staatsarchiv/geojson/karte_1971_2015_MODIFIED.geo.json,downloadUrl==http%3A%2F%2Fwww.wahlen.zh.ch%2Fkrdaten_staatsarchiv%2Fgeojson%2Fkarte_1971_2015_MODIFIED.geo.json
www.wahlen.zh.ch/wahlen2019/intern/data/krw/hochrechnung.json,6,1,768,0,http://www.wahlen.zh.ch/wahlen2019/intern/data/krw/hochrechnung.json,www.wahlen.zh.ch/wahlen2019/intern/data/krw/hochrechnung.json,downloadUrl==http%3A%2F%2Fwww.wahlen.zh.ch%2Fwahlen2019%2Fintern%2Fdata%2Fkrw%2Fhochrechnung.json
www.wahlen.zh.ch/wahlen2019/intern/data/rrw/hochrechnung.json,6,1,686,0,http://www.wahlen.zh.ch/wahlen2019/intern/data/rrw/hochrechnung.json,www.wahlen.zh.ch/wahlen2019/intern/data/rrw/hochrechnung.json,downloadUrl==http%3A%2F%2Fwww.wahlen.zh.ch%2Fwahlen2019%2Fintern%2Fdata%2Frrw%2Fhochrechnung.json
www.wahlen.zh.ch/wahlen2019/medien/data/krw/hochrechnung.json,6,1,4732,0,http://www.wahlen.zh.ch/wahlen2019/medien/data/krw/hochrechnung.json,www.wahlen.zh.ch/wahlen2019/medien/data/krw/hochrechnung.json,downloadUrl==http%3A%2F%2Fwww.wahlen.zh.ch%2Fwahlen2019%2Fmedien%2Fdata%2Fkrw%2Fhochrechnung.json
www.wahlen.zh.ch/abstimmungen/initiativen/dokumente/Vorprüfung_VI_Steuerbonus.pdf,5,5,5,0,http://www.wahlen.zh.ch/abstimmungen/initiativen/dokumente/Vorpr%C3%BCfung_VI_Steuerbonus.pdf,www.wahlen.zh.ch/abstimmungen/initiativen/dokumente/Vorprüfung_VI_Steuerbonus.pdf,downloadUrl==http%3A%2F%2Fwww.wahlen.zh.ch%2Fabstimmungen%2Finitiativen%2Fdokumente%2FVorpr%C3%BCfung_VI_Steuerbonus.pdf
www.wahlen.zh.ch/wahlen2019/intern/data/krw/listen.json,5,1,525,0,http://www.wahlen.zh.ch/wahlen2019/intern/data/krw/listen.json,www.wahlen.zh.ch/wahlen2019/intern/data/krw/listen.json,downloadUrl==http%3A%2F%2Fwww.wahlen.zh.ch%2Fwahlen2019%2Fintern%2Fdata%2Fkrw%2Flisten.json
www.wahlen.zh.ch/wahlen2019/intern/data/krw/wahlbeteiligung.json,5,1,41,0,http://www.wahlen.zh.ch/wahlen2019/intern/data/krw/wahlbeteiligung.json,www.wahlen.zh.ch/wahlen2019/intern/data/krw/wahlbeteiligung.json,downloadUrl==http%3A%2F%2Fwww.wahlen.zh.ch%2Fwahlen2019%2Fintern%2Fdata%2Fkrw%2Fwahlbeteiligung.json
www.wahlen.zh.ch/wahlen2019/medien/data/krw/listen.json,5,1,2589,0,http://www.wahlen.zh.ch/wahlen2019/medien/data/krw/listen.json,www.wahlen.zh.ch/wahlen2019/medien/data/krw/listen.json,downloadUrl==http%3A%2F%2Fwww.wahlen.zh.ch%2Fwahlen2019%2Fmedien%2Fdata%2Fkrw%2Flisten.json
www.wahlen.zh.ch/wahlen2019/medien/data/rrw/hochrechnung.json,5,1,5155,0,http://www.wahlen.zh.ch/wahlen2019/medien/data/rrw/hochrechnung.json,www.wahlen.zh.ch/wahlen2019/medien/data/rrw/hochrechnung.json,downloadUrl==http%3A%2F%2Fwww.wahlen.zh.ch%2Fwahlen2019%2Fmedien%2Fdata%2Frrw%2Fhochrechnung.json
www.wahlen.zh.ch/abstimmungen/initiativen/dokumente/unterschriftenbogen_steuerbonus.pdf,4,4,4,0,http://www.wahlen.zh.ch/abstimmungen/initiativen/dokumente/unterschriftenbogen_steuerbonus.pdf,www.wahlen.zh.ch/abstimmungen/initiativen/dokumente/unterschriftenbogen_steuerbonus.pdf,downloadUrl==http%3A%2F%2Fwww.wahlen.zh.ch%2Fabstimmungen%2Finitiativen%2Fdokumente%2Funterschriftenbogen_steuerbonus.pdf
www.wahlen.zh.ch/wahlen/kr11/amtliches/pdf/ergebnisse.pdf,4,4,4,0,http://www.wahlen.zh.ch/wahlen/kr11/amtliches/pdf/ergebnisse.pdf,www.wahlen.zh.ch/wahlen/kr11/amtliches/pdf/ergebnisse.pdf,downloadUrl==http%3A%2F%2Fwww.wahlen.zh.ch%2Fwahlen%2Fkr11%2Famtliches%2Fpdf%2Fergebnisse.pdf
www.wahlen.zh.ch/wahlen2019/intern/data/krw/kandidaten.json,4,1,301,0,http://www.wahlen.zh.ch/wahlen2019/intern/data/krw/kandidaten.json,www.wahlen.zh.ch/wahlen2019/intern/data/krw/kandidaten.json,downloadUrl==http%3A%2F%2Fwww.wahlen.zh.ch%2Fwahlen2019%2Fintern%2Fdata%2Fkrw%2Fkandidaten.json
www.wahlen.zh.ch/wahlen2019/intern/data/krw/listengde.json,4,1,525,0,http://www.wahlen.zh.ch/wahlen2019/intern/data/krw/listengde.json,www.wahlen.zh.ch/wahlen2019/intern/data/krw/listengde.json,downloadUrl==http%3A%2F%2Fwww.wahlen.zh.ch%2Fwahlen2019%2Fintern%2Fdata%2Fkrw%2Flistengde.json
www.wahlen.zh.ch/wahlen2019/intern/data/rrw/kandidaten_gemeinden.json,4,1,638,0,http://www.wahlen.zh.ch/wahlen2019/intern/data/rrw/kandidaten_gemeinden.json,www.wahlen.zh.ch/wahlen2019/intern/data/rrw/kandidaten_gemeinden.json,downloadUrl==http%3A%2F%2Fwww.wahlen.zh.ch%2Fwahlen2019%2Fintern%2Fdata%2Frrw%2Fkandidaten_gemeinden.json
www.wahlen.zh.ch/wahlen2019/intern/data/rrw/kandidaten_kanton_bezirke.json,4,1,537,0,http://www.wahlen.zh.ch/wahlen2019/intern/data/rrw/kandidaten_kanton_bezirke.json,www.wahlen.zh.ch/wahlen2019/intern/data/rrw/kandidaten_kanton_bezirke.json,downloadUrl==http%3A%2F%2Fwww.wahlen.zh.ch%2Fwahlen2019%2Fintern%2Fdata%2Frrw%2Fkandidaten_kanton_bezirke.json
www.wahlen.zh.ch/wahlen2019/medien/data/rrw/kandidaten_kanton_bezirke.json,4,1,2478,0,http://www.wahlen.zh.ch/wahlen2019/medien/data/rrw/kandidaten_kanton_bezirke.json,www.wahlen.zh.ch/wahlen2019/medien/data/rrw/kandidaten_kanton_bezirke.json,downloadUrl==http%3A%2F%2Fwww.wahlen.zh.ch%2Fwahlen2019%2Fmedien%2Fdata%2Frrw%2Fkandidaten_kanton_bezirke.json
www.wahlen.zh.ch/03/nr/NR_2003_Kandidierenden.xls,3,3,3,0,http://www.wahlen.zh.ch/03/nr/NR_2003_Kandidierenden.xls,www.wahlen.zh.ch/03/nr/NR_2003_Kandidierenden.xls,downloadUrl==http%3A%2F%2Fwww.wahlen.zh.ch%2F03%2Fnr%2FNR_2003_Kandidierenden.xls
www.wahlen.zh.ch/abstimmungen/initiativen/dokumente/ABI_245_Grundstückgewinnsteuer.pdf,3,3,3,0,http://www.wahlen.zh.ch/abstimmungen/initiativen/dokumente/ABI_245_Grundst%C3%BCckgewinnsteuer.pdf,www.wahlen.zh.ch/abstimmungen/initiativen/dokumente/ABI_245_Grundstückgewinnsteuer.pdf,downloadUrl==http%3A%2F%2Fwww.wahlen.zh.ch%2Fabstimmungen%2Finitiativen%2Fdokumente%2FABI_245_Grundst%C3%BCckgewinnsteuer.pdf
www.wahlen.zh.ch/abstimmungen/initiativen/dokumente/Initiativbogen Steuererhöhungen.pdf,3,3,3,0,http://www.wahlen.zh.ch/abstimmungen/initiativen/dokumente/Initiativbogen%20Steuererh%C3%B6hungen.pdf,www.wahlen.zh.ch/abstimmungen/initiativen/dokumente/Initiativbogen Steuererhöhungen.pdf,downloadUrl==http%3A%2F%2Fwww.wahlen.zh.ch%2Fabstimmungen%2Finitiativen%2Fdokumente%2FInitiativbogen+Steuererh%C3%B6hungen.pdf
www.wahlen.zh.ch/abstimmungen/initiativen/dokumente/Vorprüfung Medikamentenbezug.pdf,3,3,3,0,http://www.wahlen.zh.ch/abstimmungen/initiativen/dokumente/Vorpr%C3%BCfung%20Medikamentenbezug.pdf,www.wahlen.zh.ch/abstimmungen/initiativen/dokumente/Vorprüfung Medikamentenbezug.pdf,downloadUrl==http%3A%2F%2Fwww.wahlen.zh.ch%2Fabstimmungen%2Finitiativen%2Fdokumente%2FVorpr%C3%BCfung+Medikamentenbezug.pdf
www.wahlen.zh.ch/krdaten_staatsarchiv/geojson/karte_1935_1967_MODIFIED.geo.json,3,3,3,0,http://www.wahlen.zh.ch/krdaten_staatsarchiv/geojson/karte_1935_1967_MODIFIED.geo.json,www.wahlen.zh.ch/krdaten_staatsarchiv/geojson/karte_1935_1967_MODIFIED.geo.json,downloadUrl==http%3A%2F%2Fwww.wahlen.zh.ch%2Fkrdaten_staatsarchiv%2Fgeojson%2Fkarte_1935_1967_MODIFIED.geo.json
www.wahlen.zh.ch/wahlen/rr2015/Hinweise_RR.pdf,3,3,4,0,http://www.wahlen.zh.ch/wahlen/rr2015/Hinweise_RR.pdf,www.wahlen.zh.ch/wahlen/rr2015/Hinweise_RR.pdf,downloadUrl==http%3A%2F%2Fwww.wahlen.zh.ch%2Fwahlen%2Frr2015%2FHinweise_RR.pdf
www.wahlen.zh.ch/wahlen2019/dev/data/krw/hochrechnung.json,3,3,12,0,http://www.wahlen.zh.ch/wahlen2019/dev/data/krw/hochrechnung.json,www.wahlen.zh.ch/wahlen2019/dev/data/krw/hochrechnung.json,downloadUrl==http%3A%2F%2Fwww.wahlen.zh.ch%2Fwahlen2019%2Fdev%2Fdata%2Fkrw%2Fhochrechnung.json
www.wahlen.zh.ch/wahlen2019/dev/data/rrw/hochrechnung.json,3,3,9,0,http://www.wahlen.zh.ch/wahlen2019/dev/data/rrw/hochrechnung.json,www.wahlen.zh.ch/wahlen2019/dev/data/rrw/hochrechnung.json,downloadUrl==http%3A%2F%2Fwww.wahlen.zh.ch%2Fwahlen2019%2Fdev%2Fdata%2Frrw%2Fhochrechnung.json
www.wahlen.zh.ch/wahlen2019/intern/data/krw/kandidatengde.json,3,1,31,0,http://www.wahlen.zh.ch/wahlen2019/intern/data/krw/kandidatengde.json,www.wahlen.zh.ch/wahlen2019/intern/data/krw/kandidatengde.json,downloadUrl==http%3A%2F%2Fwww.wahlen.zh.ch%2Fwahlen2019%2Fintern%2Fdata%2Fkrw%2Fkandidatengde.json
www.wahlen.zh.ch/wahlen2019/intern/data/rrw/gemeinden.json,3,1,191,0,http://www.wahlen.zh.ch/wahlen2019/intern/data/rrw/gemeinden.json,www.wahlen.zh.ch/wahlen2019/intern/data/rrw/gemeinden.json,downloadUrl==http%3A%2F%2Fwww.wahlen.zh.ch%2Fwahlen2019%2Fintern%2Fdata%2Frrw%2Fgemeinden.json
www.wahlen.zh.ch/wahlen2019/intern/data/rrw/wahlbeteiligung.json,3,1,37,0,http://www.wahlen.zh.ch/wahlen2019/intern/data/rrw/wahlbeteiligung.json,www.wahlen.zh.ch/wahlen2019/intern/data/rrw/wahlbeteiligung.json,downloadUrl==http%3A%2F%2Fwww.wahlen.zh.ch%2Fwahlen2019%2Fintern%2Fdata%2Frrw%2Fwahlbeteiligung.json
www.wahlen.zh.ch/wahlen2019/medien/data/krw/kandidaten.json,3,1,780,0,http://www.wahlen.zh.ch/wahlen2019/medien/data/krw/kandidaten.json,www.wahlen.zh.ch/wahlen2019/medien/data/krw/kandidaten.json,downloadUrl==http%3A%2F%2Fwww.wahlen.zh.ch%2Fwahlen2019%2Fmedien%2Fdata%2Fkrw%2Fkandidaten.json
www.wahlen.zh.ch/wahlen2019/medien/data/krw/kandidatengde.json,3,1,79,0,http://www.wahlen.zh.ch/wahlen2019/medien/data/krw/kandidatengde.json,www.wahlen.zh.ch/wahlen2019/medien/data/krw/kandidatengde.json,downloadUrl==http%3A%2F%2Fwww.wahlen.zh.ch%2Fwahlen2019%2Fmedien%2Fdata%2Fkrw%2Fkandidatengde.json
www.wahlen.zh.ch/wahlen2019/medien/data/krw/listengde.json,3,1,2677,0,http://www.wahlen.zh.ch/wahlen2019/medien/data/krw/listengde.json,www.wahlen.zh.ch/wahlen2019/medien/data/krw/listengde.json,downloadUrl==http%3A%2F%2Fwww.wahlen.zh.ch%2Fwahlen2019%2Fmedien%2Fdata%2Fkrw%2Flistengde.json
www.wahlen.zh.ch/wahlen2019/medien/data/krw/wahlbeteiligung.json,3,1,155,0,http://www.wahlen.zh.ch/wahlen2019/medien/data/krw/wahlbeteiligung.json,www.wahlen.zh.ch/wahlen2019/medien/data/krw/wahlbeteiligung.json,downloadUrl==http%3A%2F%2Fwww.wahlen.zh.ch%2Fwahlen2019%2Fmedien%2Fdata%2Fkrw%2Fwahlbeteiligung.json
www.wahlen.zh.ch/wahlen2019/medien/data/rrw/kandidaten_gemeinden.json,3,1,1460,0,http://www.wahlen.zh.ch/wahlen2019/medien/data/rrw/kandidaten_gemeinden.json,www.wahlen.zh.ch/wahlen2019/medien/data/rrw/kandidaten_gemeinden.json,downloadUrl==http%3A%2F%2Fwww.wahlen.zh.ch%2Fwahlen2019%2Fmedien%2Fdata%2Frrw%2Fkandidaten_gemeinden.json
www.wahlen.zh.ch/03/nr/5b-Kandidatenergebnisse.pdf,2,2,2,0,http://www.wahlen.zh.ch/03/nr/5b-Kandidatenergebnisse.pdf,www.wahlen.zh.ch/03/nr/5b-Kandidatenergebnisse.pdf,downloadUrl==http%3A%2F%2Fwww.wahlen.zh.ch%2F03%2Fnr%2F5b-Kandidatenergebnisse.pdf
www.wahlen.zh.ch/03/nr/Kand_von_Listen.xls,2,2,2,0,http://www.wahlen.zh.ch/03/nr/Kand_von_Listen.xls,www.wahlen.zh.ch/03/nr/Kand_von_Listen.xls,downloadUrl==http%3A%2F%2Fwww.wahlen.zh.ch%2F03%2Fnr%2FKand_von_Listen.xls
www.wahlen.zh.ch/abstimmungen/gemeinden/KRW-Merkblatt-1.pdf,2,2,3,0,http://www.wahlen.zh.ch/abstimmungen/gemeinden/KRW-Merkblatt-1.pdf,www.wahlen.zh.ch/abstimmungen/gemeinden/KRW-Merkblatt-1.pdf,downloadUrl==http%3A%2F%2Fwww.wahlen.zh.ch%2Fabstimmungen%2Fgemeinden%2FKRW-Merkblatt-1.pdf
www.wahlen.zh.ch/abstimmungen/initiativen/dokumente/Lehrplan_vors_Volk_Unterschriftenbogen.pdf,2,2,2,0,http://www.wahlen.zh.ch/abstimmungen/initiativen/dokumente/Lehrplan_vors_Volk_Unterschriftenbogen.pdf,www.wahlen.zh.ch/abstimmungen/initiativen/dokumente/Lehrplan_vors_Volk_Unterschriftenbogen.pdf,downloadUrl==http%3A%2F%2Fwww.wahlen.zh.ch%2Fabstimmungen%2Finitiativen%2Fdokumente%2FLehrplan_vors_Volk_Unterschriftenbogen.pdf
www.wahlen.zh.ch/krdaten_staatsarchiv/geojson/karte_1923_1932_MODIFIED.geo.json,2,2,2,0,http://www.wahlen.zh.ch/krdaten_staatsarchiv/geojson/karte_1923_1932_MODIFIED.geo.json,www.wahlen.zh.ch/krdaten_staatsarchiv/geojson/karte_1923_1932_MODIFIED.geo.json,downloadUrl==http%3A%2F%2Fwww.wahlen.zh.ch%2Fkrdaten_staatsarchiv%2Fgeojson%2Fkarte_1923_1932_MODIFIED.geo.json
www.wahlen.zh.ch/krdaten_staatsarchiv/geojson/karte_1971_2015.geo.json,2,2,2,0,http://www.wahlen.zh.ch/krdaten_staatsarchiv/geojson/karte_1971_2015.geo.json,www.wahlen.zh.ch/krdaten_staatsarchiv/geojson/karte_1971_2015.geo.json,downloadUrl==http%3A%2F%2Fwww.wahlen.zh.ch%2Fkrdaten_staatsarchiv%2Fgeojson%2Fkarte_1971_2015.geo.json
www.wahlen.zh.ch/wahlen/kr11/amtliches/pdf/wk9.pdf,2,2,2,0,http://www.wahlen.zh.ch/wahlen/kr11/amtliches/pdf/wk9.pdf,www.wahlen.zh.ch/wahlen/kr11/amtliches/pdf/wk9.pdf,downloadUrl==http%3A%2F%2Fwww.wahlen.zh.ch%2Fwahlen%2Fkr11%2Famtliches%2Fpdf%2Fwk9.pdf
www.wahlen.zh.ch/wahlen/kr11/amtliches/pdf/wk11.pdf,2,2,2,0,http://www.wahlen.zh.ch/wahlen/kr11/amtliches/pdf/wk11.pdf,www.wahlen.zh.ch/wahlen/kr11/amtliches/pdf/wk11.pdf,downloadUrl==http%3A%2F%2Fwww.wahlen.zh.ch%2Fwahlen%2Fkr11%2Famtliches%2Fpdf%2Fwk11.pdf
www.wahlen.zh.ch/wahlen/nrw2015/tablive_vt220ioctl/export_kanton.json,2,2,2,0,http://www.wahlen.zh.ch/wahlen/nrw2015/tablive_vt220ioctl/export_kanton.json,www.wahlen.zh.ch/wahlen/nrw2015/tablive_vt220ioctl/export_kanton.json,downloadUrl==http%3A%2F%2Fwww.wahlen.zh.ch%2Fwahlen%2Fnrw2015%2Ftablive_vt220ioctl%2Fexport_kanton.json
www.wahlen.zh.ch/wahlen2019/backendtest/data2015test/alle_gruen/data/krw/hochrechnung.json,2,2,3,0,http://www.wahlen.zh.ch/wahlen2019/backendtest/data2015test/alle_gruen/data/krw/hochrechnung.json,www.wahlen.zh.ch/wahlen2019/backendtest/data2015test/alle_gruen/data/krw/hochrechnung.json,downloadUrl==http%3A%2F%2Fwww.wahlen.zh.ch%2Fwahlen2019%2Fbackendtest%2Fdata2015test%2Falle_gruen%2Fdata%2Fkrw%2Fhochrechnung.json
www.wahlen.zh.ch/wahlen2019/backendtest/data2015test/alle_gruen/data/krw/listen.json,2,2,2,0,http://www.wahlen.zh.ch/wahlen2019/backendtest/data2015test/alle_gruen/data/krw/listen.json,www.wahlen.zh.ch/wahlen2019/backendtest/data2015test/alle_gruen/data/krw/listen.json,downloadUrl==http%3A%2F%2Fwww.wahlen.zh.ch%2Fwahlen2019%2Fbackendtest%2Fdata2015test%2Falle_gruen%2Fdata%2Fkrw%2Flisten.json
www.wahlen.zh.ch/wahlen2019/backendtest/data2015test/alle_gruen/data/rrw/hochrechnung.json,2,2,2,0,http://www.wahlen.zh.ch/wahlen2019/backendtest/data2015test/alle_gruen/data/rrw/hochrechnung.json,www.wahlen.zh.ch/wahlen2019/backendtest/data2015test/alle_gruen/data/rrw/hochrechnung.json,downloadUrl==http%3A%2F%2Fwww.wahlen.zh.ch%2Fwahlen2019%2Fbackendtest%2Fdata2015test%2Falle_gruen%2Fdata%2Frrw%2Fhochrechnung.json
www.wahlen.zh.ch/wahlen2019/dev/data/krw/kandidaten.json,2,2,3,0,http://www.wahlen.zh.ch/wahlen2019/dev/data/krw/kandidaten.json,www.wahlen.zh.ch/wahlen2019/dev/data/krw/kandidaten.json,downloadUrl==http%3A%2F%2Fwww.wahlen.zh.ch%2Fwahlen2019%2Fdev%2Fdata%2Fkrw%2Fkandidaten.json
www.wahlen.zh.ch/wahlen2019/medien/data/krw/sitzverteilung.json,2,1,15,0,http://www.wahlen.zh.ch/wahlen2019/medien/data/krw/sitzverteilung.json,www.wahlen.zh.ch/wahlen2019/medien/data/krw/sitzverteilung.json,downloadUrl==http%3A%2F%2Fwww.wahlen.zh.ch%2Fwahlen2019%2Fmedien%2Fdata%2Fkrw%2Fsitzverteilung.json
www.wahlen.zh.ch/wahlen2019/medien/data/rrw/gemeinden.json,2,1,285,0,http://www.wahlen.zh.ch/wahlen2019/medien/data/rrw/gemeinden.json,www.wahlen.zh.ch/wahlen2019/medien/data/rrw/gemeinden.json,downloadUrl==http%3A%2F%2Fwww.wahlen.zh.ch%2Fwahlen2019%2Fmedien%2Fdata%2Frrw%2Fgemeinden.json
www.wahlen.zh.ch/wahlen2019/medien/data/rrw/wahlbeteiligung.json,2,1,183,0,http://www.wahlen.zh.ch/wahlen2019/medien/data/rrw/wahlbeteiligung.json,www.wahlen.zh.ch/wahlen2019/medien/data/rrw/wahlbeteiligung.json,downloadUrl==http%3A%2F%2Fwww.wahlen.zh.ch%2Fwahlen2019%2Fmedien%2Fdata%2Frrw%2Fwahlbeteiligung.json
www.wahlen.zh.ch/wahlen2019/medien/data/rrw_2019/wahlbeteiligung.json,2,1,2,0,http://www.wahlen.zh.ch/wahlen2019/medien/data/rrw_2019/wahlbeteiligung.json,www.wahlen.zh.ch/wahlen2019/medien/data/rrw_2019/wahlbeteiligung.json,downloadUrl==http%3A%2F%2Fwww.wahlen.zh.ch%2Fwahlen2019%2Fmedien%2Fdata%2Frrw_2019%2Fwahlbeteiligung.json
www.wahlen.zh.ch/07/kr/kandidierende/pdf/wk 1.pdf,1,1,1,0,http://www.wahlen.zh.ch/07/kr/kandidierende/pdf/wk%201.pdf,www.wahlen.zh.ch/07/kr/kandidierende/pdf/wk 1.pdf,downloadUrl==http%3A%2F%2Fwww.wahlen.zh.ch%2F07%2Fkr%2Fkandidierende%2Fpdf%2Fwk+1.pdf
www.wahlen.zh.ch/07/kr/kandidierende/pdf/wk 2.pdf,1,1,1,0,http://www.wahlen.zh.ch/07/kr/kandidierende/pdf/wk%202.pdf,www.wahlen.zh.ch/07/kr/kandidierende/pdf/wk 2.pdf,downloadUrl==http%3A%2F%2Fwww.wahlen.zh.ch%2F07%2Fkr%2Fkandidierende%2Fpdf%2Fwk+2.pdf
www.wahlen.zh.ch/07/kr/kandidierende/pdf/wk 9.pdf,1,1,1,0,http://www.wahlen.zh.ch/07/kr/kandidierende/pdf/wk%209.pdf,www.wahlen.zh.ch/07/kr/kandidierende/pdf/wk 9.pdf,downloadUrl==http%3A%2F%2Fwww.wahlen.zh.ch%2F07%2Fkr%2Fkandidierende%2Fpdf%2Fwk+9.pdf
www.wahlen.zh.ch/07/kr/kandidierende/pdf/wk 18.pdf,1,1,1,0,http://www.wahlen.zh.ch/07/kr/kandidierende/pdf/wk%2018.pdf,www.wahlen.zh.ch/07/kr/kandidierende/pdf/wk 18.pdf,downloadUrl==http%3A%2F%2Fwww.wahlen.zh.ch%2F07%2Fkr%2Fkandidierende%2Fpdf%2Fwk+18.pdf
www.wahlen.zh.ch/07/nr/dokumente/Auslosung_Info.pdf,1,1,1,0,http://www.wahlen.zh.ch/07/nr/dokumente/Auslosung_Info.pdf,www.wahlen.zh.ch/07/nr/dokumente/Auslosung_Info.pdf,downloadUrl==http%3A%2F%2Fwww.wahlen.zh.ch%2F07%2Fnr%2Fdokumente%2FAuslosung_Info.pdf
www.wahlen.zh.ch/07/nr/dokumente/kandidierende_nr07.xls,1,1,1,0,http://www.wahlen.zh.ch/07/nr/dokumente/kandidierende_nr07.xls,www.wahlen.zh.ch/07/nr/dokumente/kandidierende_nr07.xls,downloadUrl==http%3A%2F%2Fwww.wahlen.zh.ch%2F07%2Fnr%2Fdokumente%2Fkandidierende_nr07.xls
www.wahlen.zh.ch/10/bezirk/jun/pdf/hinwilbezirkswahlen.pdf,1,1,1,0,http://www.wahlen.zh.ch/10/bezirk/jun/pdf/hinwilbezirkswahlen.pdf,www.wahlen.zh.ch/10/bezirk/jun/pdf/hinwilbezirkswahlen.pdf,downloadUrl==http%3A%2F%2Fwww.wahlen.zh.ch%2F10%2Fbezirk%2Fjun%2Fpdf%2Fhinwilbezirkswahlen.pdf
www.wahlen.zh.ch/abstimmungen/2018_06_10/tablive_get42/excel.xls,1,1,1,0,http://www.wahlen.zh.ch/abstimmungen/2018_06_10/tablive_get42/excel.xls,www.wahlen.zh.ch/abstimmungen/2018_06_10/tablive_get42/excel.xls,downloadUrl==http%3A%2F%2Fwww.wahlen.zh.ch%2Fabstimmungen%2F2018_06_10%2Ftablive_get42%2Fexcel.xls
www.wahlen.zh.ch/abstimmungen/Bundes-App/transferclient/transferclient.zip,1,1,1,0,http://www.wahlen.zh.ch/abstimmungen/Bundes-App/transferclient/transferclient.zip,www.wahlen.zh.ch/abstimmungen/Bundes-App/transferclient/transferclient.zip,downloadUrl==http%3A%2F%2Fwww.wahlen.zh.ch%2Fabstimmungen%2FBundes-App%2Ftransferclient%2Ftransferclient.zip
www.wahlen.zh.ch/abstimmungen/initiativen/dokumente/Antrag vorberatenden Kommission Passivrauchen.pdf,1,1,1,0,http://www.wahlen.zh.ch/abstimmungen/initiativen/dokumente/Antrag%20vorberatenden%20Kommission%20Passivrauchen.pdf,www.wahlen.zh.ch/abstimmungen/initiativen/dokumente/Antrag vorberatenden Kommission Passivrauchen.pdf,downloadUrl==http%3A%2F%2Fwww.wahlen.zh.ch%2Fabstimmungen%2Finitiativen%2Fdokumente%2FAntrag+vorberatenden+Kommission+Passivrauchen.pdf
www.wahlen.zh.ch/abstimmungen/initiativen/dokumente/Antrag_RR_KR_Geb\xc3\xbchren_GG.pdf,1,1,1,0,http://www.wahlen.zh.ch/abstimmungen/initiativen/dokumente/Antrag_RR_KR_Geb\xc3\xbchren_GG.pdf,www.wahlen.zh.ch/abstimmungen/initiativen/dokumente/Antrag_RR_KR_Geb\xc3\xbchren_GG.pdf,downloadUrl==http%3A%2F%2Fwww.wahlen.zh.ch%2Fabstimmungen%2Finitiativen%2Fdokumente%2FAntrag_RR_KR_Geb%5Cxc3%5Cxbchren_GG.pdf
www.wahlen.zh.ch/abstimmungen/initiativen/dokumente/Ungültigkeit_Steuerbonus.pdf,1,1,1,0,http://www.wahlen.zh.ch/abstimmungen/initiativen/dokumente/Ung%C3%BCltigkeit_Steuerbonus.pdf,www.wahlen.zh.ch/abstimmungen/initiativen/dokumente/Ungültigkeit_Steuerbonus.pdf,downloadUrl==http%3A%2F%2Fwww.wahlen.zh.ch%2Fabstimmungen%2Finitiativen%2Fdokumente%2FUng%C3%BCltigkeit_Steuerbonus.pdf
www.wahlen.zh.ch/abstimmungen/initiativen/dokumente/Unterschriftenbogen Stopp Suizidhilfe.pdf,1,1,1,0,http://www.wahlen.zh.ch/abstimmungen/initiativen/dokumente/Unterschriftenbogen%20Stopp%20Suizidhilfe.pdf,www.wahlen.zh.ch/abstimmungen/initiativen/dokumente/Unterschriftenbogen Stopp Suizidhilfe.pdf,downloadUrl==http%3A%2F%2Fwww.wahlen.zh.ch%2Fabstimmungen%2Finitiativen%2Fdokumente%2FUnterschriftenbogen+Stopp+Suizidhilfe.pdf
www.wahlen.zh.ch/abstimmungen/initiativen/dokumente/Verfügung_Lehrplan_vors_Volk.pdf,1,1,1,0,http://www.wahlen.zh.ch/abstimmungen/initiativen/dokumente/Verf%c3%bcgung_Lehrplan_vors_Volk.pdf,www.wahlen.zh.ch/abstimmungen/initiativen/dokumente/Verfügung_Lehrplan_vors_Volk.pdf,downloadUrl==http%3A%2F%2Fwww.wahlen.zh.ch%2Fabstimmungen%2Finitiativen%2Fdokumente%2FVerf%C3%BCgung_Lehrplan_vors_Volk.pdf
www.wahlen.zh.ch/abstimmungen/initiativen/dokumente/Vorprüfung Nein zum Sterbetourismus.pdf,1,1,1,0,http://www.wahlen.zh.ch/abstimmungen/initiativen/dokumente/Vorpr%C3%BCfung%20Nein%20zum%20Sterbetourismus.pdf,www.wahlen.zh.ch/abstimmungen/initiativen/dokumente/Vorprüfung Nein zum Sterbetourismus.pdf,downloadUrl==http%3A%2F%2Fwww.wahlen.zh.ch%2Fabstimmungen%2Finitiativen%2Fdokumente%2FVorpr%C3%BCfung+Nein+zum+Sterbetourismus.pdf
www.wahlen.zh.ch/abstimmungen/initiativen/dokumente/Vorprüfung Steuererhöhungen.pdf,1,1,1,0,http://www.wahlen.zh.ch/abstimmungen/initiativen/dokumente/Vorpr%C3%BCfung%20Steuererh%C3%B6hungen.pdf,www.wahlen.zh.ch/abstimmungen/initiativen/dokumente/Vorprüfung Steuererhöhungen.pdf,downloadUrl==http%3A%2F%2Fwww.wahlen.zh.ch%2Fabstimmungen%2Finitiativen%2Fdokumente%2FVorpr%C3%BCfung+Steuererh%C3%B6hungen.pdf
www.wahlen.zh.ch/krdaten_staatsarchiv/geojson/karte_1923_1932.geo.json,1,1,1,0,http://www.wahlen.zh.ch/krdaten_staatsarchiv/geojson/karte_1923_1932.geo.json,www.wahlen.zh.ch/krdaten_staatsarchiv/geojson/karte_1923_1932.geo.json,downloadUrl==http%3A%2F%2Fwww.wahlen.zh.ch%2Fkrdaten_staatsarchiv%2Fgeojson%2Fkarte_1923_1932.geo.json
www.wahlen.zh.ch/krdaten_staatsarchiv/geojson/karte_1935_1967.geo.json,1,1,1,0,http://www.wahlen.zh.ch/krdaten_staatsarchiv/geojson/karte_1935_1967.geo.json,www.wahlen.zh.ch/krdaten_staatsarchiv/geojson/karte_1935_1967.geo.json,downloadUrl==http%3A%2F%2Fwww.wahlen.zh.ch%2Fkrdaten_staatsarchiv%2Fgeojson%2Fkarte_1935_1967.geo.json
www.wahlen.zh.ch/wahlen/kr11/amtliches/pdf/wk1.pdf,1,1,1,0,http://www.wahlen.zh.ch/wahlen/kr11/amtliches/pdf/wk1.pdf,www.wahlen.zh.ch/wahlen/kr11/amtliches/pdf/wk1.pdf,downloadUrl==http%3A%2F%2Fwww.wahlen.zh.ch%2Fwahlen%2Fkr11%2Famtliches%2Fpdf%2Fwk1.pdf
www.wahlen.zh.ch/wahlen/kr11/amtliches/pdf/wk17.pdf,1,1,1,0,http://www.wahlen.zh.ch/wahlen/kr11/amtliches/pdf/wk17.pdf,www.wahlen.zh.ch/wahlen/kr11/amtliches/pdf/wk17.pdf,downloadUrl==http%3A%2F%2Fwww.wahlen.zh.ch%2Fwahlen%2Fkr11%2Famtliches%2Fpdf%2Fwk17.pdf
www.wahlen.zh.ch/wahlen/kr11/dokumente/kandidierende_2011.xls,1,1,1,0,http://www.wahlen.zh.ch/wahlen/kr11/dokumente/kandidierende_2011.xls,www.wahlen.zh.ch/wahlen/kr11/dokumente/kandidierende_2011.xls,downloadUrl==http%3A%2F%2Fwww.wahlen.zh.ch%2Fwahlen%2Fkr11%2Fdokumente%2Fkandidierende_2011.xls
www.wahlen.zh.ch/wahlen/nrw2015/tablive_vt220ioctl/export.json,1,1,1,0,http://www.wahlen.zh.ch/wahlen/nrw2015/tablive_vt220ioctl/export.json,www.wahlen.zh.ch/wahlen/nrw2015/tablive_vt220ioctl/export.json,downloadUrl==http%3A%2F%2Fwww.wahlen.zh.ch%2Fwahlen%2Fnrw2015%2Ftablive_vt220ioctl%2Fexport.json
www.wahlen.zh.ch/wahlen/nrw2015/tablive_vt220ioctl/export.txt,1,1,1,0,http://www.wahlen.zh.ch/wahlen/nrw2015/tablive_vt220ioctl/export.txt,www.wahlen.zh.ch/wahlen/nrw2015/tablive_vt220ioctl/export.txt,downloadUrl==http%3A%2F%2Fwww.wahlen.zh.ch%2Fwahlen%2Fnrw2015%2Ftablive_vt220ioctl%2Fexport.txt
www.wahlen.zh.ch/wahlen/nrw2015/tablive_vt220ioctl/export_bezirke.json,1,1,1,0,http://www.wahlen.zh.ch/wahlen/nrw2015/tablive_vt220ioctl/export_bezirke.json,www.wahlen.zh.ch/wahlen/nrw2015/tablive_vt220ioctl/export_bezirke.json,downloadUrl==http%3A%2F%2Fwww.wahlen.zh.ch%2Fwahlen%2Fnrw2015%2Ftablive_vt220ioctl%2Fexport_bezirke.json
www.wahlen.zh.ch/wahlen/nrw2015/tablive_vt220ioctl/export_gemeinden.json,1,1,1,0,http://www.wahlen.zh.ch/wahlen/nrw2015/tablive_vt220ioctl/export_gemeinden.json,www.wahlen.zh.ch/wahlen/nrw2015/tablive_vt220ioctl/export_gemeinden.json,downloadUrl==http%3A%2F%2Fwww.wahlen.zh.ch%2Fwahlen%2Fnrw2015%2Ftablive_vt220ioctl%2Fexport_gemeinden.json
www.wahlen.zh.ch/wahlen/nrw2015/tablive_vt220ioctl/export_gemeinden_liste_1.json,1,1,1,0,http://www.wahlen.zh.ch/wahlen/nrw2015/tablive_vt220ioctl/export_gemeinden_liste_1.json,www.wahlen.zh.ch/wahlen/nrw2015/tablive_vt220ioctl/export_gemeinden_liste_1.json,downloadUrl==http%3A%2F%2Fwww.wahlen.zh.ch%2Fwahlen%2Fnrw2015%2Ftablive_vt220ioctl%2Fexport_gemeinden_liste_1.json
www.wahlen.zh.ch/wahlen/nrw2015/tablive_vt220ioctl/export_gemeinden_liste_2.json,1,1,1,0,http://www.wahlen.zh.ch/wahlen/nrw2015/tablive_vt220ioctl/export_gemeinden_liste_2.json,www.wahlen.zh.ch/wahlen/nrw2015/tablive_vt220ioctl/export_gemeinden_liste_2.json,downloadUrl==http%3A%2F%2Fwww.wahlen.zh.ch%2Fwahlen%2Fnrw2015%2Ftablive_vt220ioctl%2Fexport_gemeinden_liste_2.json
www.wahlen.zh.ch/wahlen/nrw2015/tablive_vt220ioctl/export_gemeinden_liste_3.json,1,1,1,0,http://www.wahlen.zh.ch/wahlen/nrw2015/tablive_vt220ioctl/export_gemeinden_liste_3.json,www.wahlen.zh.ch/wahlen/nrw2015/tablive_vt220ioctl/export_gemeinden_liste_3.json,downloadUrl==http%3A%2F%2Fwww.wahlen.zh.ch%2Fwahlen%2Fnrw2015%2Ftablive_vt220ioctl%2Fexport_gemeinden_liste_3.json
www.wahlen.zh.ch/wahlen/nrw2015/tablive_vt220ioctl/export_gemeinden_liste_3.json?1_0.4414315640635882,1,1,1,0,http://www.wahlen.zh.ch/wahlen/nrw2015/tablive_vt220ioctl/export_gemeinden_liste_3.json?1_0.4414315640635882,www.wahlen.zh.ch/wahlen/nrw2015/tablive_vt220ioctl/export_gemeinden_liste_3.json?1_0.4414315640635882,downloadUrl==http%3A%2F%2Fwww.wahlen.zh.ch%2Fwahlen%2Fnrw2015%2Ftablive_vt220ioctl%2Fexport_gemeinden_liste_3.json%3F1_0.4414315640635882
www.wahlen.zh.ch/wahlen/nrw2015/tablive_vt220ioctl/export_gemeinden_liste_4.json,1,1,1,0,http://www.wahlen.zh.ch/wahlen/nrw2015/tablive_vt220ioctl/export_gemeinden_liste_4.json,www.wahlen.zh.ch/wahlen/nrw2015/tablive_vt220ioctl/export_gemeinden_liste_4.json,downloadUrl==http%3A%2F%2Fwww.wahlen.zh.ch%2Fwahlen%2Fnrw2015%2Ftablive_vt220ioctl%2Fexport_gemeinden_liste_4.json
www.wahlen.zh.ch/wahlen/nrw2015/tablive_vt220ioctl/export_gemeinden_liste_5.json,1,1,1,0,http://www.wahlen.zh.ch/wahlen/nrw2015/tablive_vt220ioctl/export_gemeinden_liste_5.json,www.wahlen.zh.ch/wahlen/nrw2015/tablive_vt220ioctl/export_gemeinden_liste_5.json,downloadUrl==http%3A%2F%2Fwww.wahlen.zh.ch%2Fwahlen%2Fnrw2015%2Ftablive_vt220ioctl%2Fexport_gemeinden_liste_5.json
www.wahlen.zh.ch/wahlen/nrw2015/tablive_vt220ioctl/export_gemeinden_liste_6.json,1,1,1,0,http://www.wahlen.zh.ch/wahlen/nrw2015/tablive_vt220ioctl/export_gemeinden_liste_6.json,www.wahlen.zh.ch/wahlen/nrw2015/tablive_vt220ioctl/export_gemeinden_liste_6.json,downloadUrl==http%3A%2F%2Fwww.wahlen.zh.ch%2Fwahlen%2Fnrw2015%2Ftablive_vt220ioctl%2Fexport_gemeinden_liste_6.json
www.wahlen.zh.ch/wahlen/nrw2015/tablive_vt220ioctl/export_gemeinden_liste_7.json,1,1,1,0,http://www.wahlen.zh.ch/wahlen/nrw2015/tablive_vt220ioctl/export_gemeinden_liste_7.json,www.wahlen.zh.ch/wahlen/nrw2015/tablive_vt220ioctl/export_gemeinden_liste_7.json,downloadUrl==http%3A%2F%2Fwww.wahlen.zh.ch%2Fwahlen%2Fnrw2015%2Ftablive_vt220ioctl%2Fexport_gemeinden_liste_7.json
www.wahlen.zh.ch/wahlen/nrw2015/tablive_vt220ioctl/export_gemeinden_liste_8.json,1,1,1,0,http://www.wahlen.zh.ch/wahlen/nrw2015/tablive_vt220ioctl/export_gemeinden_liste_8.json,www.wahlen.zh.ch/wahlen/nrw2015/tablive_vt220ioctl/export_gemeinden_liste_8.json,downloadUrl==http%3A%2F%2Fwww.wahlen.zh.ch%2Fwahlen%2Fnrw2015%2Ftablive_vt220ioctl%2Fexport_gemeinden_liste_8.json
www.wahlen.zh.ch/wahlen/nrw2015/tablive_vt220ioctl/export_gemeinden_liste_9.json,1,1,1,0,http://www.wahlen.zh.ch/wahlen/nrw2015/tablive_vt220ioctl/export_gemeinden_liste_9.json,www.wahlen.zh.ch/wahlen/nrw2015/tablive_vt220ioctl/export_gemeinden_liste_9.json,downloadUrl==http%3A%2F%2Fwww.wahlen.zh.ch%2Fwahlen%2Fnrw2015%2Ftablive_vt220ioctl%2Fexport_gemeinden_liste_9.json
www.wahlen.zh.ch/wahlen/nrw2015/tablive_vt220ioctl/export_gemeinden_liste_10.json,1,1,1,0,http://www.wahlen.zh.ch/wahlen/nrw2015/tablive_vt220ioctl/export_gemeinden_liste_10.json,www.wahlen.zh.ch/wahlen/nrw2015/tablive_vt220ioctl/export_gemeinden_liste_10.json,downloadUrl==http%3A%2F%2Fwww.wahlen.zh.ch%2Fwahlen%2Fnrw2015%2Ftablive_vt220ioctl%2Fexport_gemeinden_liste_10.json
www.wahlen.zh.ch/wahlen/nrw2015/tablive_vt220ioctl/export_gemeinden_liste_11.json,1,1,1,0,http://www.wahlen.zh.ch/wahlen/nrw2015/tablive_vt220ioctl/export_gemeinden_liste_11.json,www.wahlen.zh.ch/wahlen/nrw2015/tablive_vt220ioctl/export_gemeinden_liste_11.json,downloadUrl==http%3A%2F%2Fwww.wahlen.zh.ch%2Fwahlen%2Fnrw2015%2Ftablive_vt220ioctl%2Fexport_gemeinden_liste_11.json
www.wahlen.zh.ch/wahlen/nrw2015/tablive_vt220ioctl/export_gemeinden_liste_12.json,1,1,1,0,http://www.wahlen.zh.ch/wahlen/nrw2015/tablive_vt220ioctl/export_gemeinden_liste_12.json,www.wahlen.zh.ch/wahlen/nrw2015/tablive_vt220ioctl/export_gemeinden_liste_12.json,downloadUrl==http%3A%2F%2Fwww.wahlen.zh.ch%2Fwahlen%2Fnrw2015%2Ftablive_vt220ioctl%2Fexport_gemeinden_liste_12.json
www.wahlen.zh.ch/wahlen/nrw2015/tablive_vt220ioctl/export_gemeinden_liste_13.json,1,1,1,0,http://www.wahlen.zh.ch/wahlen/nrw2015/tablive_vt220ioctl/export_gemeinden_liste_13.json,www.wahlen.zh.ch/wahlen/nrw2015/tablive_vt220ioctl/export_gemeinden_liste_13.json,downloadUrl==http%3A%2F%2Fwww.wahlen.zh.ch%2Fwahlen%2Fnrw2015%2Ftablive_vt220ioctl%2Fexport_gemeinden_liste_13.json
www.wahlen.zh.ch/wahlen/nrw2015/tablive_vt220ioctl/export_gemeinden_liste_14.json,1,1,1,0,http://www.wahlen.zh.ch/wahlen/nrw2015/tablive_vt220ioctl/export_gemeinden_liste_14.json,www.wahlen.zh.ch/wahlen/nrw2015/tablive_vt220ioctl/export_gemeinden_liste_14.json,downloadUrl==http%3A%2F%2Fwww.wahlen.zh.ch%2Fwahlen%2Fnrw2015%2Ftablive_vt220ioctl%2Fexport_gemeinden_liste_14.json
www.wahlen.zh.ch/wahlen/nrw2015/tablive_vt220ioctl/export_gemeinden_liste_15.json,1,1,1,0,http://www.wahlen.zh.ch/wahlen/nrw2015/tablive_vt220ioctl/export_gemeinden_liste_15.json,www.wahlen.zh.ch/wahlen/nrw2015/tablive_vt220ioctl/export_gemeinden_liste_15.json,downloadUrl==http%3A%2F%2Fwww.wahlen.zh.ch%2Fwahlen%2Fnrw2015%2Ftablive_vt220ioctl%2Fexport_gemeinden_liste_15.json
www.wahlen.zh.ch/wahlen/nrw2015/tablive_vt220ioctl/export_gemeinden_liste_16.json,1,1,1,0,http://www.wahlen.zh.ch/wahlen/nrw2015/tablive_vt220ioctl/export_gemeinden_liste_16.json,www.wahlen.zh.ch/wahlen/nrw2015/tablive_vt220ioctl/export_gemeinden_liste_16.json,downloadUrl==http%3A%2F%2Fwww.wahlen.zh.ch%2Fwahlen%2Fnrw2015%2Ftablive_vt220ioctl%2Fexport_gemeinden_liste_16.json
www.wahlen.zh.ch/wahlen/nrw2015/tablive_vt220ioctl/export_gemeinden_liste_17.json,1,1,1,0,http://www.wahlen.zh.ch/wahlen/nrw2015/tablive_vt220ioctl/export_gemeinden_liste_17.json,www.wahlen.zh.ch/wahlen/nrw2015/tablive_vt220ioctl/export_gemeinden_liste_17.json,downloadUrl==http%3A%2F%2Fwww.wahlen.zh.ch%2Fwahlen%2Fnrw2015%2Ftablive_vt220ioctl%2Fexport_gemeinden_liste_17.json
www.wahlen.zh.ch/wahlen/nrw2015/tablive_vt220ioctl/export_gemeinden_liste_18.json,1,1,1,0,http://www.wahlen.zh.ch/wahlen/nrw2015/tablive_vt220ioctl/export_gemeinden_liste_18.json,www.wahlen.zh.ch/wahlen/nrw2015/tablive_vt220ioctl/export_gemeinden_liste_18.json,downloadUrl==http%3A%2F%2Fwww.wahlen.zh.ch%2Fwahlen%2Fnrw2015%2Ftablive_vt220ioctl%2Fexport_gemeinden_liste_18.json
www.wahlen.zh.ch/wahlen/nrw2015/tablive_vt220ioctl/export_gemeinden_liste_19.json,1,1,1,0,http://www.wahlen.zh.ch/wahlen/nrw2015/tablive_vt220ioctl/export_gemeinden_liste_19.json,www.wahlen.zh.ch/wahlen/nrw2015/tablive_vt220ioctl/export_gemeinden_liste_19.json,downloadUrl==http%3A%2F%2Fwww.wahlen.zh.ch%2Fwahlen%2Fnrw2015%2Ftablive_vt220ioctl%2Fexport_gemeinden_liste_19.json
www.wahlen.zh.ch/wahlen/nrw2015/tablive_vt220ioctl/export_gemeinden_liste_20.json,1,1,1,0,http://www.wahlen.zh.ch/wahlen/nrw2015/tablive_vt220ioctl/export_gemeinden_liste_20.json,www.wahlen.zh.ch/wahlen/nrw2015/tablive_vt220ioctl/export_gemeinden_liste_20.json,downloadUrl==http%3A%2F%2Fwww.wahlen.zh.ch%2Fwahlen%2Fnrw2015%2Ftablive_vt220ioctl%2Fexport_gemeinden_liste_20.json
www.wahlen.zh.ch/wahlen/nrw2015/tablive_vt220ioctl/export_gemeinden_liste_21.json,1,1,1,0,http://www.wahlen.zh.ch/wahlen/nrw2015/tablive_vt220ioctl/export_gemeinden_liste_21.json,www.wahlen.zh.ch/wahlen/nrw2015/tablive_vt220ioctl/export_gemeinden_liste_21.json,downloadUrl==http%3A%2F%2Fwww.wahlen.zh.ch%2Fwahlen%2Fnrw2015%2Ftablive_vt220ioctl%2Fexport_gemeinden_liste_21.json
www.wahlen.zh.ch/wahlen/nrw2015/tablive_vt220ioctl/export_gemeinden_liste_22.json,1,1,1,0,http://www.wahlen.zh.ch/wahlen/nrw2015/tablive_vt220ioctl/export_gemeinden_liste_22.json,www.wahlen.zh.ch/wahlen/nrw2015/tablive_vt220ioctl/export_gemeinden_liste_22.json,downloadUrl==http%3A%2F%2Fwww.wahlen.zh.ch%2Fwahlen%2Fnrw2015%2Ftablive_vt220ioctl%2Fexport_gemeinden_liste_22.json
www.wahlen.zh.ch/wahlen/nrw2015/tablive_vt220ioctl/export_gemeinden_liste_23.json,1,1,1,0,http://www.wahlen.zh.ch/wahlen/nrw2015/tablive_vt220ioctl/export_gemeinden_liste_23.json,www.wahlen.zh.ch/wahlen/nrw2015/tablive_vt220ioctl/export_gemeinden_liste_23.json,downloadUrl==http%3A%2F%2Fwww.wahlen.zh.ch%2Fwahlen%2Fnrw2015%2Ftablive_vt220ioctl%2Fexport_gemeinden_liste_23.json
www.wahlen.zh.ch/wahlen/nrw2015/tablive_vt220ioctl/export_gemeinden_liste_24.json,1,1,1,0,http://www.wahlen.zh.ch/wahlen/nrw2015/tablive_vt220ioctl/export_gemeinden_liste_24.json,www.wahlen.zh.ch/wahlen/nrw2015/tablive_vt220ioctl/export_gemeinden_liste_24.json,downloadUrl==http%3A%2F%2Fwww.wahlen.zh.ch%2Fwahlen%2Fnrw2015%2Ftablive_vt220ioctl%2Fexport_gemeinden_liste_24.json
www.wahlen.zh.ch/wahlen/nrw2015/tablive_vt220ioctl/export_gemeinden_liste_25.json,1,1,1,0,http://www.wahlen.zh.ch/wahlen/nrw2015/tablive_vt220ioctl/export_gemeinden_liste_25.json,www.wahlen.zh.ch/wahlen/nrw2015/tablive_vt220ioctl/export_gemeinden_liste_25.json,downloadUrl==http%3A%2F%2Fwww.wahlen.zh.ch%2Fwahlen%2Fnrw2015%2Ftablive_vt220ioctl%2Fexport_gemeinden_liste_25.json
www.wahlen.zh.ch/wahlen/nrw2015/tablive_vt220ioctl/export_gemeinden_liste_26.json,1,1,1,0,http://www.wahlen.zh.ch/wahlen/nrw2015/tablive_vt220ioctl/export_gemeinden_liste_26.json,www.wahlen.zh.ch/wahlen/nrw2015/tablive_vt220ioctl/export_gemeinden_liste_26.json,downloadUrl==http%3A%2F%2Fwww.wahlen.zh.ch%2Fwahlen%2Fnrw2015%2Ftablive_vt220ioctl%2Fexport_gemeinden_liste_26.json
www.wahlen.zh.ch/wahlen/nrw2015/tablive_vt220ioctl/export_gemeinden_liste_27.json,1,1,1,0,http://www.wahlen.zh.ch/wahlen/nrw2015/tablive_vt220ioctl/export_gemeinden_liste_27.json,www.wahlen.zh.ch/wahlen/nrw2015/tablive_vt220ioctl/export_gemeinden_liste_27.json,downloadUrl==http%3A%2F%2Fwww.wahlen.zh.ch%2Fwahlen%2Fnrw2015%2Ftablive_vt220ioctl%2Fexport_gemeinden_liste_27.json
www.wahlen.zh.ch/wahlen/nrw2015/tablive_vt220ioctl/export_gemeinden_liste_28.json,1,1,1,0,http://www.wahlen.zh.ch/wahlen/nrw2015/tablive_vt220ioctl/export_gemeinden_liste_28.json,www.wahlen.zh.ch/wahlen/nrw2015/tablive_vt220ioctl/export_gemeinden_liste_28.json,downloadUrl==http%3A%2F%2Fwww.wahlen.zh.ch%2Fwahlen%2Fnrw2015%2Ftablive_vt220ioctl%2Fexport_gemeinden_liste_28.json
www.wahlen.zh.ch/wahlen/nrw2015/tablive_vt220ioctl/export_gemeinden_liste_29.json,1,1,1,0,http://www.wahlen.zh.ch/wahlen/nrw2015/tablive_vt220ioctl/export_gemeinden_liste_29.json,www.wahlen.zh.ch/wahlen/nrw2015/tablive_vt220ioctl/export_gemeinden_liste_29.json,downloadUrl==http%3A%2F%2Fwww.wahlen.zh.ch%2Fwahlen%2Fnrw2015%2Ftablive_vt220ioctl%2Fexport_gemeinden_liste_29.json
www.wahlen.zh.ch/wahlen/nrw2015/tablive_vt220ioctl/export_gemeinden_liste_30.json,1,1,1,0,http://www.wahlen.zh.ch/wahlen/nrw2015/tablive_vt220ioctl/export_gemeinden_liste_30.json,www.wahlen.zh.ch/wahlen/nrw2015/tablive_vt220ioctl/export_gemeinden_liste_30.json,downloadUrl==http%3A%2F%2Fwww.wahlen.zh.ch%2Fwahlen%2Fnrw2015%2Ftablive_vt220ioctl%2Fexport_gemeinden_liste_30.json
www.wahlen.zh.ch/wahlen/nrw2015/tablive_vt220ioctl/export_gemeinden_liste_31.json,1,1,1,0,http://www.wahlen.zh.ch/wahlen/nrw2015/tablive_vt220ioctl/export_gemeinden_liste_31.json,www.wahlen.zh.ch/wahlen/nrw2015/tablive_vt220ioctl/export_gemeinden_liste_31.json,downloadUrl==http%3A%2F%2Fwww.wahlen.zh.ch%2Fwahlen%2Fnrw2015%2Ftablive_vt220ioctl%2Fexport_gemeinden_liste_31.json
www.wahlen.zh.ch/wahlen/nrw2015/tablive_vt220ioctl/export_gemeinden_liste_32.json,1,1,1,0,http://www.wahlen.zh.ch/wahlen/nrw2015/tablive_vt220ioctl/export_gemeinden_liste_32.json,www.wahlen.zh.ch/wahlen/nrw2015/tablive_vt220ioctl/export_gemeinden_liste_32.json,downloadUrl==http%3A%2F%2Fwww.wahlen.zh.ch%2Fwahlen%2Fnrw2015%2Ftablive_vt220ioctl%2Fexport_gemeinden_liste_32.json
www.wahlen.zh.ch/wahlen/nrw2015/tablive_vt220ioctl/export_gemeinden_liste_33.json,1,1,1,0,http://www.wahlen.zh.ch/wahlen/nrw2015/tablive_vt220ioctl/export_gemeinden_liste_33.json,www.wahlen.zh.ch/wahlen/nrw2015/tablive_vt220ioctl/export_gemeinden_liste_33.json,downloadUrl==http%3A%2F%2Fwww.wahlen.zh.ch%2Fwahlen%2Fnrw2015%2Ftablive_vt220ioctl%2Fexport_gemeinden_liste_33.json
www.wahlen.zh.ch/wahlen/nrw2015/tablive_vt220ioctl/export_gemeinden_liste_34.json,1,1,1,0,http://www.wahlen.zh.ch/wahlen/nrw2015/tablive_vt220ioctl/export_gemeinden_liste_34.json,www.wahlen.zh.ch/wahlen/nrw2015/tablive_vt220ioctl/export_gemeinden_liste_34.json,downloadUrl==http%3A%2F%2Fwww.wahlen.zh.ch%2Fwahlen%2Fnrw2015%2Ftablive_vt220ioctl%2Fexport_gemeinden_liste_34.json
www.wahlen.zh.ch/wahlen/nrw2015/tablive_vt220ioctl/export_gemeinden_liste_35.json,1,1,1,0,http://www.wahlen.zh.ch/wahlen/nrw2015/tablive_vt220ioctl/export_gemeinden_liste_35.json,www.wahlen.zh.ch/wahlen/nrw2015/tablive_vt220ioctl/export_gemeinden_liste_35.json,downloadUrl==http%3A%2F%2Fwww.wahlen.zh.ch%2Fwahlen%2Fnrw2015%2Ftablive_vt220ioctl%2Fexport_gemeinden_liste_35.json
www.wahlen.zh.ch/wahlen/nrw2015/tablive_vt220ioctl/export_kanton.json?1_0.4414315640635882,1,1,1,0,http://www.wahlen.zh.ch/wahlen/nrw2015/tablive_vt220ioctl/export_kanton.json?1_0.4414315640635882,www.wahlen.zh.ch/wahlen/nrw2015/tablive_vt220ioctl/export_kanton.json?1_0.4414315640635882,downloadUrl==http%3A%2F%2Fwww.wahlen.zh.ch%2Fwahlen%2Fnrw2015%2Ftablive_vt220ioctl%2Fexport_kanton.json%3F1_0.4414315640635882
www.wahlen.zh.ch/wahlen/rr09/amtliches/pdf/ktnrr.pdf,1,1,1,0,http://www.wahlen.zh.ch/wahlen/rr09/amtliches/pdf/ktnrr.pdf,www.wahlen.zh.ch/wahlen/rr09/amtliches/pdf/ktnrr.pdf,downloadUrl==http%3A%2F%2Fwww.wahlen.zh.ch%2Fwahlen%2Frr09%2Famtliches%2Fpdf%2Fktnrr.pdf
www.wahlen.zh.ch/wahlen/vis/nrw2015Desktop/data/GemeindenWahlkreise_KR2015.json,1,1,1,0,http://www.wahlen.zh.ch/wahlen/vis/nrw2015Desktop/data/GemeindenWahlkreise_KR2015.json,www.wahlen.zh.ch/wahlen/vis/nrw2015Desktop/data/GemeindenWahlkreise_KR2015.json,downloadUrl==http%3A%2F%2Fwww.wahlen.zh.ch%2Fwahlen%2Fvis%2Fnrw2015Desktop%2Fdata%2FGemeindenWahlkreise_KR2015.json
www.wahlen.zh.ch/wahlen07/kandidierende/pdf/wk 11.pdf,1,1,1,0,http://www.wahlen.zh.ch/wahlen07/kandidierende/pdf/wk%2011.pdf,www.wahlen.zh.ch/wahlen07/kandidierende/pdf/wk 11.pdf,downloadUrl==http%3A%2F%2Fwww.wahlen.zh.ch%2Fwahlen07%2Fkandidierende%2Fpdf%2Fwk+11.pdf
www.wahlen.zh.ch/wahlen2019/backendtest/data2015prod/nur_kappel_am_albis_gruen/data/krw/hochrechnung.json,1,1,1,0,http://www.wahlen.zh.ch/wahlen2019/backendtest/data2015prod/nur_kappel_am_albis_gruen/data/krw/hochrechnung.json,www.wahlen.zh.ch/wahlen2019/backendtest/data2015prod/nur_kappel_am_albis_gruen/data/krw/hochrechnung.json,downloadUrl==http%3A%2F%2Fwww.wahlen.zh.ch%2Fwahlen2019%2Fbackendtest%2Fdata2015prod%2Fnur_kappel_am_albis_gruen%2Fdata%2Fkrw%2Fhochrechnung.json
www.wahlen.zh.ch/wahlen2019/backendtest/data2015prod/nur_kappel_am_albis_gruen/data/rrw/hochrechnung.json,1,1,2,0,http://www.wahlen.zh.ch/wahlen2019/backendtest/data2015prod/nur_kappel_am_albis_gruen/data/rrw/hochrechnung.json,www.wahlen.zh.ch/wahlen2019/backendtest/data2015prod/nur_kappel_am_albis_gruen/data/rrw/hochrechnung.json,downloadUrl==http%3A%2F%2Fwww.wahlen.zh.ch%2Fwahlen2019%2Fbackendtest%2Fdata2015prod%2Fnur_kappel_am_albis_gruen%2Fdata%2Frrw%2Fhochrechnung.json
www.wahlen.zh.ch/wahlen2019/backendtest/data2019test/alle_gruen/data/krw/hochrechnung.json,1,1,2,0,http://www.wahlen.zh.ch/wahlen2019/backendtest/data2019test/alle_gruen/data/krw/hochrechnung.json,www.wahlen.zh.ch/wahlen2019/backendtest/data2019test/alle_gruen/data/krw/hochrechnung.json,downloadUrl==http%3A%2F%2Fwww.wahlen.zh.ch%2Fwahlen2019%2Fbackendtest%2Fdata2019test%2Falle_gruen%2Fdata%2Fkrw%2Fhochrechnung.json
www.wahlen.zh.ch/wahlen2019/backendtest/data2019test/alle_gruen/data/rrw/hochrechnung.json,1,1,1,0,http://www.wahlen.zh.ch/wahlen2019/backendtest/data2019test/alle_gruen/data/rrw/hochrechnung.json,www.wahlen.zh.ch/wahlen2019/backendtest/data2019test/alle_gruen/data/rrw/hochrechnung.json,downloadUrl==http%3A%2F%2Fwww.wahlen.zh.ch%2Fwahlen2019%2Fbackendtest%2Fdata2019test%2Falle_gruen%2Fdata%2Frrw%2Fhochrechnung.json
www.wahlen.zh.ch/wahlen2019/dev/data/krw/listen.json,1,1,2,0,http://www.wahlen.zh.ch/wahlen2019/dev/data/krw/listen.json,www.wahlen.zh.ch/wahlen2019/dev/data/krw/listen.json,downloadUrl==http%3A%2F%2Fwww.wahlen.zh.ch%2Fwahlen2019%2Fdev%2Fdata%2Fkrw%2Flisten.json
www.wahlen.zh.ch/wahlen2019/dev/data/krw/listengde.json,1,1,2,0,http://www.wahlen.zh.ch/wahlen2019/dev/data/krw/listengde.json,www.wahlen.zh.ch/wahlen2019/dev/data/krw/listengde.json,downloadUrl==http%3A%2F%2Fwww.wahlen.zh.ch%2Fwahlen2019%2Fdev%2Fdata%2Fkrw%2Flistengde.json
www.wahlen.zh.ch/wahlen2019/dev/data/rrw/kandidaten_gemeinden.json,1,1,1,0,http://www.wahlen.zh.ch/wahlen2019/dev/data/rrw/kandidaten_gemeinden.json,www.wahlen.zh.ch/wahlen2019/dev/data/rrw/kandidaten_gemeinden.json,downloadUrl==http%3A%2F%2Fwww.wahlen.zh.ch%2Fwahlen2019%2Fdev%2Fdata%2Frrw%2Fkandidaten_gemeinden.json
www.wahlen.zh.ch/wahlen2019/dev/data/rrw/kandidaten_kanton_bezirke.json,1,1,1,0,http://www.wahlen.zh.ch/wahlen2019/dev/data/rrw/kandidaten_kanton_bezirke.json,www.wahlen.zh.ch/wahlen2019/dev/data/rrw/kandidaten_kanton_bezirke.json,downloadUrl==http%3A%2F%2Fwww.wahlen.zh.ch%2Fwahlen2019%2Fdev%2Fdata%2Frrw%2Fkandidaten_kanton_bezirke.json
www.wahlen.zh.ch/wahlen2019/dev/data/rrw/wahlbeteiligung.json,1,1,2,0,http://www.wahlen.zh.ch/wahlen2019/dev/data/rrw/wahlbeteiligung.json,www.wahlen.zh.ch/wahlen2019/dev/data/rrw/wahlbeteiligung.json,downloadUrl==http%3A%2F%2Fwww.wahlen.zh.ch%2Fwahlen2019%2Fdev%2Fdata%2Frrw%2Fwahlbeteiligung.json
www.wahlen.zh.ch/wahlen2019/intern/data/krw/WPStatic_Gemeinden.csv,1,1,1,0,http://www.wahlen.zh.ch/wahlen2019/intern/data/krw/WPStatic_Gemeinden.csv,www.wahlen.zh.ch/wahlen2019/intern/data/krw/WPStatic_Gemeinden.csv,downloadUrl==http%3A%2F%2Fwww.wahlen.zh.ch%2Fwahlen2019%2Fintern%2Fdata%2Fkrw%2FWPStatic_Gemeinden.csv
www.wahlen.zh.ch/wahlen2019/intern/hochrechnung/hochrechnung.csv,1,1,165,0,http://www.wahlen.zh.ch/wahlen2019/intern/hochrechnung/hochrechnung.csv,www.wahlen.zh.ch/wahlen2019/intern/hochrechnung/hochrechnung.csv,downloadUrl==http%3A%2F%2Fwww.wahlen.zh.ch%2Fwahlen2019%2Fintern%2Fhochrechnung%2Fhochrechnung.csv
www.wahlen.zh.ch/wahlen2019/intern/hochrechnung/hochrechnung_rrw.csv,1,1,59,0,http://www.wahlen.zh.ch/wahlen2019/intern/hochrechnung/hochrechnung_rrw.csv,www.wahlen.zh.ch/wahlen2019/intern/hochrechnung/hochrechnung_rrw.csv,downloadUrl==http%3A%2F%2Fwww.wahlen.zh.ch%2Fwahlen2019%2Fintern%2Fhochrechnung%2Fhochrechnung_rrw.csv
www.wahlen.zh.ch/wahlen2019/medien/data/krw/gemeinden.json,1,1,8,0,http://www.wahlen.zh.ch/wahlen2019/medien/data/krw/gemeinden.json,www.wahlen.zh.ch/wahlen2019/medien/data/krw/gemeinden.json,downloadUrl==http%3A%2F%2Fwww.wahlen.zh.ch%2Fwahlen2019%2Fmedien%2Fdata%2Fkrw%2Fgemeinden.json
www.wahlen.zh.ch/wahlen2019/medien/data/krw/WPStatic_Gemeinden.csv,1,1,1,0,http://www.wahlen.zh.ch/wahlen2019/medien/data/krw/WPStatic_Gemeinden.csv,www.wahlen.zh.ch/wahlen2019/medien/data/krw/WPStatic_Gemeinden.csv,downloadUrl==http%3A%2F%2Fwww.wahlen.zh.ch%2Fwahlen2019%2Fmedien%2Fdata%2Fkrw%2FWPStatic_Gemeinden.csv
www.wahlen.zh.ch/wahlen2019/medien/data/krw/zeitreihen.json,1,1,2,0,http://www.wahlen.zh.ch/wahlen2019/medien/data/krw/zeitreihen.json,www.wahlen.zh.ch/wahlen2019/medien/data/krw/zeitreihen.json,downloadUrl==http%3A%2F%2Fwww.wahlen.zh.ch%2Fwahlen2019%2Fmedien%2Fdata%2Fkrw%2Fzeitreihen.json
www.wahlen.zh.ch/wahlen2019/medien/data/krw_2019/hochrechnung.json,1,1,3,0,http://www.wahlen.zh.ch/wahlen2019/medien/data/krw_2019/hochrechnung.json,www.wahlen.zh.ch/wahlen2019/medien/data/krw_2019/hochrechnung.json,downloadUrl==http%3A%2F%2Fwww.wahlen.zh.ch%2Fwahlen2019%2Fmedien%2Fdata%2Fkrw_2019%2Fhochrechnung.json
www.wahlen.zh.ch/wahlen2019/medien/data/krw_2019/kandidatengde.json,1,1,4,0,http://www.wahlen.zh.ch/wahlen2019/medien/data/krw_2019/kandidatengde.json,www.wahlen.zh.ch/wahlen2019/medien/data/krw_2019/kandidatengde.json,downloadUrl==http%3A%2F%2Fwww.wahlen.zh.ch%2Fwahlen2019%2Fmedien%2Fdata%2Fkrw_2019%2Fkandidatengde.json
www.wahlen.zh.ch/wahlen2019/medien/data/rrw_2019/hochrechnung.json,1,1,2,0,http://www.wahlen.zh.ch/wahlen2019/medien/data/rrw_2019/hochrechnung.json,www.wahlen.zh.ch/wahlen2019/medien/data/rrw_2019/hochrechnung.json,downloadUrl==http%3A%2F%2Fwww.wahlen.zh.ch%2Fwahlen2019%2Fmedien%2Fdata%2Frrw_2019%2Fhochrechnung.json
www.wahlen.zh.ch/wahlen2019/medien/data/rrw_2019/kandidaten_kanton_bezirke.json,1,1,2,0,http://www.wahlen.zh.ch/wahlen2019/medien/data/rrw_2019/kandidaten_kanton_bezirke.json,www.wahlen.zh.ch/wahlen2019/medien/data/rrw_2019/kandidaten_kanton_bezirke.json,downloadUrl==http%3A%2F%2Fwww.wahlen.zh.ch%2Fwahlen2019%2Fmedien%2Fdata%2Frrw_2019%2Fkandidaten_kanton_bezirke.json